project_id,project_name,folder,needs_before,before_source,needs_after,after_source
RAC_2_3,RAC UID 2 - Appliance,assets/photos/RAC_2_3/,yes,Moldova Office - Shelter - Documents - Before photos - All Documents,yes,Moldova Office - Shelter - Documents - After photos - All Documents
RAC_2_1,RAC UID 2 - Small Repairs & Maintenance,assets/photos/RAC_2_1/,yes,Moldova Office - Shelter - Documents - Before photos - All Documents | https://unhcr365.sharepoint.com/teams/RBE-MoldovaOffice-Shelter/Shared%20Documents/Forms/AllItems.aspx?id=%2Fteams%2FRBE%2DMoldovaOffice%2DShelter%2FShared%20Documents%2FShelter%2F2025%2FPHOTOS%2FRACs%2FRAC%202%2FBefore%20photos&viewid=4acb173d%2D5d3b%2D4db3%2Da418%2Da43cca3c4687,yes,Moldova Office - Shelter - Documents - After photos - All Documents
RAC_2_2,RAC UID 2 - Winterization,assets/photos/RAC_2_2/,yes,Moldova Office - Shelter - Documents - Before photos - All Documents,yes,Moldova Office - Shelter - Documents - After photos - All Documents
RAC_4_3,RAC UID 4 - Appliance,assets/photos/RAC_4_3/,yes,Moldova Office - Shelter - Documents - RAC 4 - All Documents,,
RAC_4_4,RAC UID 4 - Furniture,assets/photos/RAC_4_4/,yes,Moldova Office - Shelter - Documents - RAC 4 - All Documents,,
RAC_4_1,RAC UID 4 - Small Repairs & Maintenance,assets/photos/RAC_4_1/,yes,Moldova Office - Shelter - Documents - RAC 4 - All Documents,,
RAC_4_2,RAC UID 4 - Winterization,assets/photos/RAC_4_2/,yes,Moldova Office - Shelter - Documents - RAC 4 - All Documents,,
RAC_5_3,RAC UID 5 - Appliance,assets/photos/RAC_5_3/,yes,Moldova Office - Shelter - Documents - RAC 5 - All Documents,,
RAC_5_5,RAC UID 5 - Disinfection / Disinsection Services,assets/photos/RAC_5_5/,yes,Moldova Office - Shelter - Documents - RAC 5 - All Documents,,
RAC_5_4,RAC UID 5 - Furniture,assets/photos/RAC_5_4/,yes,Moldova Office - Shelter - Documents - RAC 5 - All Documents,,
RAC_5_1,RAC UID 5 - Small Repairs & Maintenance,assets/photos/RAC_5_1/,yes,Moldova Office - Shelter - Documents - RAC 5 - All Documents,,
RAC_5_2,RAC UID 5 - Winterization,assets/photos/RAC_5_2/,yes,Moldova Office - Shelter - Documents - RAC 5 - All Documents,,
RAC_8_3,RAC UID 8 - Appliance,assets/photos/RAC_8_3/,yes,Moldova Office - Shelter - After - All Documents,,
RAC_8_1,RAC UID 8 - Small Repairs & Maintenance,assets/photos/RAC_8_1/,yes,Moldova Office - Shelter - After - All Documents,,
RAC_8_2,RAC UID 8 - Winterization,assets/photos/RAC_8_2/,yes,Moldova Office - Shelter - After - All Documents,,
RAC_12_3,RAC UID 12 - Appliance,assets/photos/RAC_12_3/,yes,Moldova Office - Shelter - Documents - Before photos - All Documents,yes,Moldova Office - Shelter - After photos - All Documents
RAC_12_2,RAC UID 12 - Decommissioning,assets/photos/RAC_12_2/,yes,Moldova Office - Shelter - Documents - Before photos - All Documents,yes,Moldova Office - Shelter - After photos - All Documents
RAC_12_4,RAC UID 12 - Furniture,assets/photos/RAC_12_4/,yes,Moldova Office - Shelter - Documents - Before photos - All Documents,yes,Moldova Office - Shelter - After photos - All Documents
RAC_12_1,RAC UID 12 - Small Repairs & Maintenance,assets/photos/RAC_12_1/,yes,Moldova Office - Shelter - Documents - Before photos - All Documents,yes,Moldova Office - Shelter - After photos - All Documents
RAC_15_3,RAC UID 15 - Disinfection / Disinsection Services,assets/photos/RAC_15_3/,yes,Moldova Office - Shelter - Documents - Before photos - All Documents,,
RAC_15_4,RAC UID 15 - Furniture,assets/photos/RAC_15_4/,yes,Moldova Office - Shelter - Documents - Before photos - All Documents,,
RAC_15_1,RAC UID 15 - Small Repairs & Maintenance,assets/photos/RAC_15_1/,yes,Moldova Office - Shelter - Documents - Before photos - All Documents,,
RAC_15_2,RAC UID 15 - Winterization,assets/photos/RAC_15_2/,yes,Moldova Office - Shelter - Documents - Before photos - All Documents,,
RAC_17_1,RAC UID 17 - Small Repairs & Maintenance,assets/photos/RAC_17_1/,yes,Moldova Office - Shelter - RAC 17 - All Documents,,
RAC_17_2,RAC UID 17 - Winterization,assets/photos/RAC_17_2/,yes,Moldova Office - Shelter - RAC 17 - All Documents,,
RAC_27_3,RAC UID 27 - Appliance,assets/photos/RAC_27_3/,yes,Moldova Office - Shelter - Documents - RAC 27 - All Documents,,
RAC_27_1,RAC UID 27 - Small Repairs & Maintenance,assets/photos/RAC_27_1/,yes,Moldova Office - Shelter - Documents - RAC 27 - All Documents,,
RAC_27_2,RAC UID 27 - Winterization,assets/photos/RAC_27_2/,yes,Moldova Office - Shelter - Documents - RAC 27 - All Documents,,
RAC_35_3,RAC UID 35 - Appliance,assets/photos/RAC_35_3/,yes,Moldova Office - Shelter - Documents - RAC 35 - All Documents,,
RAC_35_4,RAC UID 35 - Furniture,assets/photos/RAC_35_4/,yes,Moldova Office - Shelter - Documents - RAC 35 - All Documents,,
RAC_35_1,RAC UID 35 - Small Repairs & Maintenance,assets/photos/RAC_35_1/,yes,Moldova Office - Shelter - Documents - RAC 35 - All Documents,,
RAC_41_4,RAC UID 41 - Furniture,assets/photos/RAC_41_4/,yes,Moldova Office - Shelter - Documents - RAC 41 - All Documents,,
RAC_41_1,RAC UID 41 - Small Repairs & Maintenance,assets/photos/RAC_41_1/,yes,Moldova Office - Shelter - Documents - RAC 41 - All Documents,,
RAC_41_2,RAC UID 41 - Winterization,assets/photos/RAC_41_2/,yes,Moldova Office - Shelter - Documents - RAC 41 - All Documents,,
RAC_44_6,RAC UID 44 - Decommissioning,assets/photos/RAC_44_6/,yes,Moldova Office - Shelter - Documents - RAC 44 - All Documents,,
RAC_44_1,RAC UID 44 - Small Repairs & Maintenance,assets/photos/RAC_44_1/,yes,Moldova Office - Shelter - Documents - RAC 44 - All Documents,,
RAC_44_2,RAC UID 44 - Winterization,assets/photos/RAC_44_2/,yes,Moldova Office - Shelter - Documents - RAC 44 - All Documents,,
RAC_51_3,RAC UID 51 - Appliance,assets/photos/RAC_51_3/,yes,Moldova Office - Shelter - Documents - RAC 51 - All Documents,,
RAC_51_1,RAC UID 51 - Small Repairs & Maintenance,assets/photos/RAC_51_1/,yes,Moldova Office - Shelter - Documents - RAC 51 - All Documents,,
RAC_54_1,RAC UID 54 - Small Repairs & Maintenance,assets/photos/RAC_54_1/,yes,Moldova Office - Shelter - Documents - RAC 54 - All Documents,,
RAC_54_2,RAC UID 54 - Winterization,assets/photos/RAC_54_2/,yes,Moldova Office - Shelter - Documents - RAC 54 - All Documents,,
RAC_82_3,RAC UID 82 - Appliance,assets/photos/RAC_82_3/,yes,Moldova Office - Shelter - Documents - Before photos - All Documents,yes,Moldova Office - Shelter - Documents - After photos - All Documents
RAC_82_5,RAC UID 82 - Disinfection / Disinsection Services,assets/photos/RAC_82_5/,yes,https://unhcr365.sharepoint.com/teams/RBE-MoldovaOffice-Shelter/Shared%20Documents/Forms/AllItems.aspx?id=%2Fteams%2FRBE%2DMoldovaOffice%2DShelter%2FShared%20Documents%2FShelter%2F2025%2FPHOTOS%2FRACs%2FRAC%2082%2FBefore%20photos&viewid=4acb173d%2D5d3b%2D4db3%2Da418%2Da43cca3c4687,yes,https://unhcr365.sharepoint.com/teams/RBE-MoldovaOffice-Shelter/Shared%20Documents/Forms/AllItems.aspx?id=%2Fteams%2FRBE%2DMoldovaOffice%2DShelter%2FShared%20Documents%2FShelter%2F2025%2FPHOTOS%2FRACs%2FRAC%2082%2FAfter%20photos&viewid=4acb173d%2D5d3b%2D4db3%2Da418%2Da43cca3c4687
RAC_82_4,RAC UID 82 - Furniture,assets/photos/RAC_82_4/,yes,Moldova Office - Shelter - Documents - Before photos - All Documents,yes,https://unhcr365.sharepoint.com/teams/RBE-MoldovaOffice-Shelter/Shared%20Documents/Forms/AllItems.aspx?id=%2Fteams%2FRBE%2DMoldovaOffice%2DShelter%2FShared%20Documents%2FShelter%2F2025%2FPHOTOS%2FRACs%2FRAC%2082%2FAfter%20photos&viewid=4acb173d%2D5d3b%2D4db3%2Da418%2Da43cca3c4687
RAC_82_1,RAC UID 82 - Small Repairs & Maintenance,assets/photos/RAC_82_1/,yes,Moldova Office - Shelter - Documents - Before photos - All Documents | https://unhcr365.sharepoint.com/teams/RBE-MoldovaOffice-Shelter/Shared%20Documents/Forms/AllItems.aspx?id=%2Fteams%2FRBE%2DMoldovaOffice%2DShelter%2FShared%20Documents%2FShelter%2F2025%2FPHOTOS%2FRACs%2FRAC%2082%2FBefore%20photos&viewid=4acb173d%2D5d3b%2D4db3%2Da418%2Da43cca3c4687,yes,https://unhcr365.sharepoint.com/teams/RBE-MoldovaOffice-Shelter/Shared%20Documents/Forms/AllItems.aspx?id=%2Fteams%2FRBE%2DMoldovaOffice%2DShelter%2FShared%20Documents%2FShelter%2F2025%2FPHOTOS%2FRACs%2FRAC%2082%2FAfter%20photos&viewid=4acb173d%2D5d3b%2D4db3%2Da418%2Da43cca3c4687
RAC_82_2,RAC UID 82 - Winterization,assets/photos/RAC_82_2/,yes,Moldova Office - Shelter - Documents - Before photos - All Documents,yes,https://unhcr365.sharepoint.com/teams/RBE-MoldovaOffice-Shelter/Shared%20Documents/Forms/AllItems.aspx?id=%2Fteams%2FRBE%2DMoldovaOffice%2DShelter%2FShared%20Documents%2FShelter%2F2025%2FPHOTOS%2FRACs%2FRAC%2082%2FAfter%20photos&viewid=4acb173d%2D5d3b%2D4db3%2Da418%2Da43cca3c4687
RAC_207_3,RAC UID 207 - Appliance,assets/photos/RAC_207_3/,yes,Moldova Office - Shelter - Documents - RAC 207 - All Documents,,
RAC_207_4,RAC UID 207 - Furniture,assets/photos/RAC_207_4/,yes,Moldova Office - Shelter - Documents - RAC 207 - All Documents,,
RAC_207_1,RAC UID 207 - Small Repairs & Maintenance,assets/photos/RAC_207_1/,yes,Moldova Office - Shelter - Documents - RAC 207 - All Documents,,
RAC_207_2,RAC UID 207 - Winterization,assets/photos/RAC_207_2/,yes,Moldova Office - Shelter - Documents - RAC 207 - All Documents,,
RAC_237_4,RAC UID 237 - Furniture,assets/photos/RAC_237_4/,yes,Moldova Office - Shelter - Documents - Before photos - All Documents,yes,Moldova Office - Shelter - Documents - After photos - All Documents
RAC_237_1,RAC UID 237 - Small Repairs & Maintenance,assets/photos/RAC_237_1/,yes,Moldova Office - Shelter - Documents - Before photos - All Documents,yes,Moldova Office - Shelter - Documents - After photos - All Documents
RAC_245_1,RAC UID 245 - Small Repairs & Maintenance,assets/photos/RAC_245_1/,yes,Moldova Office - Shelter - Documents - RAC 245 - All Documents,,
RAC_1092_3,RAC UID 1092 - Appliance,assets/photos/RAC_1092_3/,yes,Moldova Office - Shelter - Documents - Before photos - All Documents,yes,Moldova Office - Shelter - Documents - After photos - All Documents
RAC_1092_1,RAC UID 1092 - Small Repairs & Maintenance,assets/photos/RAC_1092_1/,yes,Moldova Office - Shelter - Documents - Before photos - All Documents,yes,Moldova Office - Shelter - Documents - After photos - All Documents
RAC_1092_2,RAC UID 1092 - Winterization,assets/photos/RAC_1092_2/,yes,Moldova Office - Shelter - Documents - Before photos - All Documents,yes,Moldova Office - Shelter - Documents - After photos - All Documents
ACCM_1,Specialized Accommodation Centre - Renovation,assets/photos/ACCM_1/,yes,Moldova Office - Shelter - Home,yes,Moldova Office - Shelter - Home
CSC_02,Causeni Community Service Centre,assets/photos/CSC_02/,,,yes,Moldova Office - Shelter - Documents - Causeni CSC - All Documents
CSC_04,Comrat Community Service Centre,assets/photos/CSC_04/,yes,https://unhcr365.sharepoint.com/:f:/t/RBE-MoldovaOffice-Shelter/EsJt4leVZodGgamYLJ1evOwBI10rrvs4VlXFw_r7PvqjQA?e=vOhHLn,yes,https://unhcr365.sharepoint.com/:f:/t/RBE-MoldovaOffice-Shelter/EhAStjR-bTxBpQPOMz84SGoB2y7_TS0I42b3X5s_gbIycg?e=h8Ja7z
CSC_05,Ungheni Community Service Centre,assets/photos/CSC_05/,,,yes,Moldova Office - Shelter - Documents - Ungheni CSC - All Documents
CSC_06,Balti Community Service Centre,assets/photos/CSC_06/,,,yes,Moldova Office - Shelter - Documents - Com Center Balti - All Documents
CSI_2022_01,Ukrainian Days in Moldova Festival,assets/photos/CSI_2022_01/,,,yes,https://unhcr365-my.sharepoint.com/:i:/g/personal/rohanov_unhcr_org/IQA9HIzHGSu2SLtmoNhsoVzwAbupyM83m7n2ayWPqv_-Jvs?e=NgIEPz
CSI_2022_02,8th International Festival Taurul de aur,assets/photos/CSI_2022_02/,,,yes,CSI_2022_2_photo after.png
CSI_2022_03,GustoHora festival in Mereni,assets/photos/CSI_2022_03/,,,yes,CSI_2022_3.png
CSI_2022_04,GustoHora festival in Vadului Voda,assets/photos/CSI_2022_04/,,,yes,https://unhcr365-my.sharepoint.com/:i:/g/personal/rohanov_unhcr_org/IQDwNZO47LUUS4m64DYKIDGHARUNtCJ7n08e9r7vgGn5sAc?e=Y0Mu1c
CSI_2022_05,GustoHora festival in Todiresti,assets/photos/CSI_2022_05/,,,yes,CSI_2022_5.png
CSI_2022_07,GustoHora festival in Hirbovat,assets/photos/CSI_2022_07/,,,yes,CSI_2022_7.png
CSI_2022_14,“I Carry the World” Christmas Caravan,assets/photos/CSI_2022_14/,,,yes,CSI_2022_14.png
CSI_2022_17,Unity Football Bootcamp: Winter Edition,assets/photos/CSI_2022_17/,,,yes,CSI_2022_17.png
CSI_2022_18,Winter Festival: Drum de iarnă,assets/photos/CSI_2022_18/,,,yes,CSI_2022_18.png
CSI_2022_19,Improved Hygiene Facilities for Roma and Refugee Communities,assets/photos/CSI_2022_19/,,,yes,CSI_2022_19.png
CSI_2023_03,Sports Camps on Tourist Orienteering for Blind and Visually Impaired Persons,assets/photos/CSI_2023_03/,,,yes,CSI_2023_3.png
CSI_2023_04,Development of Educational Processes through Computer Technologies,assets/photos/CSI_2023_04/,,,yes,CSI_2023_4.png
CSI_2023_08,Empowering Youth at Riscova Public Library,assets/photos/CSI_2023_08/,,,yes,"CSI_2023_8.png

https://unhcr365-my.sharepoint.com/:i:/g/personal/rohanov_unhcr_org/IQBdYkV1wKZMQLhOeIV9XF_CAQc3hwMkLRnuCMLPk89SekI?e=plgAZ6"
CSI_2023_14,International Festival Plai Natal,assets/photos/CSI_2023_14/,,,yes,CSI_2023_14.png
CSI_2023_16,Enhancing Information Access for Roma Communities,assets/photos/CSI_2023_16/,,,yes,CSI_2023_15.png
CSI_2023_19,Interconnected through non-formal education and art,assets/photos/CSI_2023_19/,,,yes,CSI_2023_19.png
CSI_2024_01,Cooking Course for Children and Adults,assets/photos/CSI_2024_01/,,,yes,https://unhcr365-my.sharepoint.com/:i:/g/personal/rohanov_unhcr_org/IQCdR2zr0l4SR6LlvsDeqyYeAb8L5n5PK3T4jrTptzStxrc?e=MJXQ9Y
CSI_2024_02,Football Unites Our Hearts,assets/photos/CSI_2024_02/,,,yes,"https://unhcr365-my.sharepoint.com/:i:/g/personal/rohanov_unhcr_org/IQB9L2zxsdfKQbcQlDv8nMYpAXiNPvVASOgRc-bpb-VgQCs?e=mAiTRX

https://unhcr365-my.sharepoint.com/:i:/g/personal/rohanov_unhcr_org/IQCXaR8uMc8USatqj_hhhl2kATui-yRHYrmf3lhnu0Nz2uU?e=mquxw3"
CSI_2024_08,Ecoboom: Healthy Snack Production Workshops,assets/photos/CSI_2024_08/,,,yes,CSI_2024_8_photo after.png
CSI_2024_09,Ecoboom: Healthy Snack Production Workshops,assets/photos/CSI_2024_09/,,,yes,https://unhcr365-my.sharepoint.com/:i:/g/personal/rohanov_unhcr_org/IQCnsw48I3VtSqSUs1dGi4g9AYmeWWktQ1wNDqOOJ5iZ4I0?e=qE5qep
CSI_2024_10,Ecoboom: Healthy Snack Production Workshops,assets/photos/CSI_2024_10/,,,yes,https://unhcr365-my.sharepoint.com/:i:/g/personal/rohanov_unhcr_org/IQA2bomXbyvKT5DFUkBXSrVyAUgTUldVvABI3omjBn9L460?e=KcIkhQ
CSI_2024_12,Masterclasses on Sewing Toys,assets/photos/CSI_2024_12/,,,yes,https://unhcr365-my.sharepoint.com/:i:/g/personal/rohanov_unhcr_org/IQBkunnoEEq1TqA0PVC7Am3GASd4eV9MiCCMqA1PJXTEe1w?e=afUjJs
CSI_2024_14,Kickboxing School: Empowering Refugee Athletes,assets/photos/CSI_2024_14/,,,yes,"https://unhcr365-my.sharepoint.com/:i:/g/personal/rohanov_unhcr_org/IQBVedRNaaQBRYsFnxdF2GW1AaSita5_NZLAxKUcyP8bJYk?e=cxsMGk

https://unhcr365-my.sharepoint.com/:i:/g/personal/rohanov_unhcr_org/IQCMFYKsA4q4SLfA-uunz4f0AY4umfw8PuRGwvD-ST_Dsks?e=CWzwcH"
CSI_2024_19,3D Creative Workshop for Children,assets/photos/CSI_2024_19/,,,yes,"https://unhcr365-my.sharepoint.com/:i:/g/personal/rohanov_unhcr_org/IQAUhz1pTfnvR5Rl_3z2cCKOAVP9fJOT7FBBPHlnNJN7KMA?e=1Xn97T

https://unhcr365-my.sharepoint.com/:i:/g/personal/rohanov_unhcr_org/IQAg1_LF9Oy5T7N6Y0zPYyGrARLJU8cXBCn7evb_mWX6t0M?e=ECATIE"
CSI_2024_21,Taekwondo for Health and Cohesion,assets/photos/CSI_2024_21/,,,yes,"https://unhcr365-my.sharepoint.com/:i:/g/personal/rohanov_unhcr_org/IQCccEzT_SPPS7oFEfOS0bTMAWUE-fvlS14WGJ1p0ZbTfTA?e=neH4fe

https://unhcr365-my.sharepoint.com/:i:/g/personal/rohanov_unhcr_org/IQDV5lfoo9T7RJSi9cehhc_8Af7kCvu3K60YpwqMGo_V_SM?e=lb3f1v"
CSI_2024_25,Unity and Resilience: Supporting the Burebista Day Center,assets/photos/CSI_2024_25/,,,yes,CSI_2024_25_photo after.png
CSI_2025_02,Masterclasses on Art and Handmade Crafting,assets/photos/CSI_2025_02/,,,yes,"https://unhcr365-my.sharepoint.com/:i:/g/personal/rohanov_unhcr_org/IQCpGVJDOEe1RZArE_9XCQXAAVREMYX3DrktJtsymNWsalY?e=EcD4J9

https://unhcr365-my.sharepoint.com/:i:/g/personal/rohanov_unhcr_org/IQD_9kRzatFMRo56zRed4Xa3AdgjzclrKKp-xTeFA1e_O_A?e=F8Er0X"
CSI_2025_03,Sweet Integration: Chocolate and Confectionery Academy,assets/photos/CSI_2025_03/,,,yes,https://unhcr365-my.sharepoint.com/:i:/g/personal/rohanov_unhcr_org/IQDJDbsAbZi5TYvH31OSTrGQAceyXGvVJo8rKDt-6KIKwRY?e=Jrjq4b
CSI_2025_11,Republican Puppet Theatre “Licurici”: Enhancing the Performance Hall,assets/photos/CSI_2025_11/,,,yes,"https://unhcr365-my.sharepoint.com/:i:/g/personal/rohanov_unhcr_org/IQCeZT9VQ0B2TpyifQ_uudz6ASYlyOAIR6t9wvGoofgFJYE?e=fAaw4q

https://unhcr365-my.sharepoint.com/:i:/g/personal/rohanov_unhcr_org/IQCRrgaF9PgIRa3GrB665OAAAc4z0khmTVq9bJ4PlVlS93A?e=UYvxIj

https://unhcr365-my.sharepoint.com/:i:/g/personal/rohanov_unhcr_org/IQD6ADeGH8DxRaPse9ZT1lM2AZ4o56iBUc7Z4uYZI8rJQ9o?e=fukv4i"
CSI_2025_12,Оlympic games,assets/photos/CSI_2025_12/,,,yes,"https://unhcr365-my.sharepoint.com/:i:/g/personal/rohanov_unhcr_org/IQDm3seZbJ1iQJFQJI2CL5liAfSjDOVQALRPjPyXD5IZ5qk?e=h2fWOr

https://unhcr365-my.sharepoint.com/:i:/g/personal/rohanov_unhcr_org/IQDfP2PHl9vDR7PwL3YMbnDBAT7oIV4LtPM1hpFsmXaDf-Q?e=gE6oUF"
CSI_2025_13,Rybnitsa Kindergarten No. 8: Improving Educational Spaces,assets/photos/CSI_2025_13/,,,yes,"https://unhcr365-my.sharepoint.com/:i:/g/personal/rohanov_unhcr_org/IQAI78mlDUt7TamNUq8mmAWBASsU2lmLE74j39_yqWDtRoc?e=x2H1ji

https://unhcr365-my.sharepoint.com/:i:/g/personal/rohanov_unhcr_org/IQABpsG3yL6YRaM2Oawo1P6wAdB_dpWJlJ8beMGnO-nrxl0?e=gohbbM

https://unhcr365-my.sharepoint.com/:i:/g/personal/rohanov_unhcr_org/IQARpiVADcT1SbgH59oNe_5-AaQpbjqeeLVw_1TtRqCc2tk?e=CcE6RK"
CSI_2025_15,Outdoor Libraries for Community Inclusion,assets/photos/CSI_2025_15/,,,yes,"https://unhcr365-my.sharepoint.com/:i:/g/personal/rohanov_unhcr_org/IQAzZo7qH1b4QI88rhh-yPz4AcXFG_1T4ObILguOLqs73qw?e=xoUZUJ

https://unhcr365-my.sharepoint.com/:i:/g/personal/rohanov_unhcr_org/IQBUxH789DkgSY59knk2ZIP3AdiksW_7Ts4Fj-0V5yOcbk0?e=hYoDpy"
CSI_2025_19,Small Steps for Big Changes: Furniture Support for Kindergarten No. 16,assets/photos/CSI_2025_19/,,,yes,"https://unhcr365-my.sharepoint.com/:i:/g/personal/rohanov_unhcr_org/IQBi7JrcpIoJTpG3baq85KTCATSVWl9OFdR0246yrBXBO4A?e=8OS8Oy

https://unhcr365-my.sharepoint.com/:i:/g/personal/rohanov_unhcr_org/IQDixlhuDQzUSYwpkVq2rpzRAQVAhNW5Rq6lf6WNlUK_BFI?e=Th8NKm"
PCP_01,Insulation works in Comrat kindergarten,assets/photos/PCP_01/,yes,https://unhcr365.sharepoint.com/:f:/t/RBE-MoldovaOffice-Shelter/Es3YIs-nLQ1AicFhs40j_fYBYEjuG8g50RdQ0gUzt35s3g?e=NlqgWs,yes,https://unhcr365.sharepoint.com/:f:/t/RBE-MoldovaOffice-Shelter/Es3YIs-nLQ1AicFhs40j_fYBYEjuG8g50RdQ0gUzt35s3g?e=NlqgWs
PCP_02,Fully renovation of an outdoor sports field,assets/photos/PCP_02/,,,yes,"https://unhcr365-my.sharepoint.com/:i:/g/personal/rohanov_unhcr_org/IQCCAEn1H_NvRoRLM_k8gmofAZONk5CrhjqB0jaBhTB90cc?e=mlk8JO

https://unhcr365-my.sharepoint.com/:i:/g/personal/rohanov_unhcr_org/IQB8abCFJ9mHTJ70E-ED6jfSAejYwt0k33zUNWWzrLpxwYY?e=0MSK8y"
PCP_03,Open Cinema in Palanca central park,assets/photos/PCP_03/,,,yes,https://unhcr365.sharepoint.com/teams/RBE-MoldovaOffice-Shelter/Shared%20Documents/Forms/AllItems.aspx?id=%2Fteams%2FRBE%2DMoldovaOffice%2DShelter%2FShared%20Documents%2FShelter%2F2025%2FPHOTOS%2FPalanca%20Open%20Cinema%2FAfter%20photos&viewid=4acb173d%2D5d3b%2D4db3%2Da418%2Da43cca3c4687
PCP_05,Indoor Sports Gym ,assets/photos/PCP_05/,,,yes,Moldova Office - Shelter - Documents - Stefan Voda_sport facility - All Documents
PCP_07,Winter works in Palanca kindergarten ,assets/photos/PCP_07/,,,yes,https://unhcr365.sharepoint.com/teams/RBE-MoldovaOffice-Shelter/Shared%20Documents/Forms/AllItems.aspx?id=%2Fteams%2FRBE%2DMoldovaOffice%2DShelter%2FShared%20Documents%2FShelter%2F2025%2FPHOTOS%2FPalanca%20kindergarden&viewid=4acb173d%2D5d3b%2D4db3%2Da418%2Da43cca3c4687
PCP_08,Renovation of classrooms in Gimnaziul nr. 8 „Taras Șevcenco”,assets/photos/PCP_08/,,,yes,https://unhcr365-my.sharepoint.com/:i:/g/personal/rohanov_unhcr_org/IQABRSEtK0LzTJOBonW-8PdRAQErtqawkxwxqxpOHm1GeIE?e=c6omLL
PCP_28,Building Playground in Otaci,assets/photos/PCP_28/,yes,PCP_2023_8_photo before.jpg,yes,https://unhcr365-my.sharepoint.com/:i:/g/personal/rohanov_unhcr_org/IQAaoAPOhRczTZnAL1_-9RDgAZGnPaFXzsqGAhnmGa7dk7Y?e=Jr7jZQ
PCP_30,Improving Patient Care and Education in Pediatric Tuberculosis Hospital,assets/photos/PCP_30/,yes,https://unhcr365-my.sharepoint.com/:i:/g/personal/rohanov_unhcr_org/IQDvia-HbQq1SJSkLVyq0MRTAfB8Q8wwJVhPOssg8cQuWuQ?e=fxZoHi,yes,https://unhcr365-my.sharepoint.com/:i:/g/personal/rohanov_unhcr_org/IQCrp4kEfzQZSKYwnwpyUp12AXYVGghEhuSxVumsqQfSOH8?e=YVAWSI
PCP_Creche_11,"Rehabilitation of one creche classroom in Cojusna Kindergarten no. 1, Poieniţa",assets/photos/PCP_Creche_11/,yes,Moldova Office - Shelter - Documents - Before photos - All Documents,yes,Moldova Office - Shelter - Documents - After photos - All Documents
PCP_Creche_13,Rehabilitation of one creche classroom in Danceni Kindergarten Albinuța,assets/photos/PCP_Creche_13/,,,yes,"https://unhcr365-my.sharepoint.com/:i:/g/personal/rohanov_unhcr_org/IQAcG6OGkQdiTJArgEXmlSiPAa_27bea6S9H6uOkQi9vhYg?e=LEkLZw

https://unhcr365-my.sharepoint.com/:i:/g/personal/rohanov_unhcr_org/IQAU-vwxeMUoS6k3z4sMyMiVAUxiDvEqfVh0uOQeB3ubmXU?e=at8LnI"
PCP_DI_14,Ratus Kindergarten playground,assets/photos/PCP_DI_14/,,,yes,https://unhcr365-my.sharepoint.com/:i:/g/personal/rohanov_unhcr_org/IQC4fS7CebvrTb6TSIKAR0wlAUDdCy3XrpqoDsTz0I-2wmY?e=6gXwhq
PCP_DI_19,Causeni Sports Gym,assets/photos/PCP_DI_19/,yes,"https://unhcr365-my.sharepoint.com/:i:/g/personal/rohanov_unhcr_org/IQATBwwkceDQSYaCNHOBUDHsAV6jnqPIhsW4H05MKSc5NyY?e=fqZYOs

https://unhcr365-my.sharepoint.com/:i:/g/personal/rohanov_unhcr_org/IQAw6CNbVL_6T4QGXIprIsZfAVmLuITdRK4lxMPeqH3YmZ8?e=tu7kwU",yes,"https://unhcr365-my.sharepoint.com/:i:/g/personal/rohanov_unhcr_org/IQA8unQNMCSlS46y4wBsoqv6AfEvm0MzoS39tsaPiTjBWnQ?e=iEbcu1

https://unhcr365-my.sharepoint.com/:i:/g/personal/rohanov_unhcr_org/IQD4BCx37HpRQ75eSkhg9m3aAWShzJEMh_jRSfTtROPozpA?e=do1PWN"
PCP_DI_20,Improvement of Comrat City Park children's areas ,assets/photos/PCP_DI_20/,yes,Moldova Office - Shelter - Documents - Before photos - All Documents,,
PCP_DI_21,Workout zone in Lomonosov Highschool,assets/photos/PCP_DI_21/,yes,"https://unhcr365-my.sharepoint.com/:i:/g/personal/rohanov_unhcr_org/IQBWDWAgagetSYECMBbKYQAKARv0qlXhpa-EweoAoVbDmzk?e=MkJr46

https://unhcr365-my.sharepoint.com/:i:/g/personal/rohanov_unhcr_org/IQCyToJUSPD7Rrwca2r6W5PgAfiul13KfM0FWyH6bsF8vtQ?e=0uoLPZ",,
PCP_DI_27,Oncological hospital: renovation of the one of the Radiotherapy areas,assets/photos/PCP_DI_27/,yes,"https://unhcr365-my.sharepoint.com/:i:/g/personal/rohanov_unhcr_org/IQBKxY73vDfHS5PyaZAe8aLzATY3qHSDJxHCGV1zudHeRv8?e=hiq0vu

https://unhcr365-my.sharepoint.com/:i:/g/personal/rohanov_unhcr_org/IQDXDOlLIhnUQI7u13A4E9UDARYFC9By2SMVPtMKjDyQrNg?e=2PpfII",yes,"https://unhcr365-my.sharepoint.com/:i:/g/personal/rohanov_unhcr_org/IQDPVIgJxrt-R4CNv3sCMGqOAX01UNVHIjB7ERn3EVjvaNc?e=w6rONR

https://unhcr365-my.sharepoint.com/:i:/g/personal/rohanov_unhcr_org/IQBt5oJj5yRiSqDkZFtLb_XIAaqJG3mlCV_H_kWADxp_kdc?e=z53OD7"
